{"logo_type":"text","logo_image":"","logo_width":"120","logo_height":"","logo_tooltip":"","mobile_logo":"","logo_text":"Blank Theme","logo_slogan":"","toolbar_maxwidth":"default","topbar_padding_top":"10px","topbar_padding_bottom":"10px","header_maxwidth":"default","header_height":"75px","header_navbar":"2","favicon":"","mobile_breakpoint_options":"m","mobile_navbar_options":"0","mobile_logo_options":"center","mobile_toggle_options":"left","mobile_menu_options":"","mobile_animations":"offcanvas","mobile_offcanvas_mode":"push","search_position":"navbar","search_style":"modal","page_title_maxwidth":"default","page_title_tyle":"light","page_title_padding":"","page_title_background_size":"cover","page_title_bg_position":"center-center","page_title_bg_visibility":"","page_title_bg_blendmode":"soft-light","page_title_bg_color":"#0e0c1f","boxed_layout":"1","boxed_center":"1","boxed_bottom_margin":"1","boxed_header_outside":"1","transparent_header":"dark","body_bg_color":"#eeeeee","body_bg_image":"","body_bg_repeat":"inherit","body_bg_size":"inherit","body_bg_attachment":"inherit","body_bg_position":"0 0","enabled_copyright":"1","copyright_position":"footer1","copyright_load_pos":"default","copyright":"\u00a9 {year} All Rights Reserved. Carefully crafted by <a href=\"https:\/\/warptheme.com\/\">WarpTheme<\/a>","goto_top":"1","social_pos":"header","facebook":"#","twitter":"#","pinterest":"","linkedin":"","dribbble":"#","instagram":"#","behance":"","youtube":"","flickr":"","whatsapp":"","custom":"","social_icons_button":"1","contact_pos":"","contact_location":"","contact_email":"","contact_phone":"","contact_time":"","contact_custom":"","comingsoon_title":"Blank Joomla Template","comingsoon_content":"It's going to be amazing!","comingsoon_date":"2020-12-04","comingsoon_logo":"","comingsoon_bg_image":"","comingsoon_title_tyle":"light","comingsoon_title_background_size":"cover","comingsoon_title_bg_position":"center-center","comingsoon_title_bg_blendmode":"","comingsoon_title_bg_color":"#0e0c1f","comingsoon_social_icons":"1","error_logo":"","error_bg":"","error_title_tyle":"light","error_title_background_size":"cover","error_title_bg_position":"center-center","error_title_bg_blendmode":"","error_title_bg_color":"#0e0c1f","preset":"{\"footer_link_hover_color\":\"#d2d2d2\",\"footer_link_color\":\"#ffffff\",\"footer_text_color\":\"#ffffff\",\"footer_bg_color\":\"#ff8156\",\"bottom_link_hover_color\":\"#ff8156\",\"bottom_link_color\":\"#5d6576\",\"bottom_text_color\":\"#5d6576\",\"bottom_title_color\":\"#242424\",\"bottom_bg_color\":\"#f9f9f9\",\"menu_dropdown_text_active_color\":\"#ff8156\",\"menu_dropdown_text_hover_color\":\"#ff8156\",\"menu_dropdown_text_color\":\"#001837\",\"menu_dropdown_bg_color\":\"#ffffff\",\"menu_text_active_color\":\"#ff8156\",\"menu_text_hover_color\":\"#ff8156\",\"menu_text_color\":\"#001837\",\"toggle_mobile_color\":\"#020d26\",\"logo_text_mobile_color\":\"#ff8156\",\"header_bg_mobile_color\":\"#FFFFFF\",\"logo_text_color\":\"#ff8156\",\"header_bottom_bg_color\":\"#FFFFFF\",\"header_bg_color\":\"#FFFFFF\",\"header_top_bg_color\":\"#FFFFFF\",\"topbar_text_color\":\"#192f59\",\"topbar_bg_color\":\"#eff2f5\",\"second_link_color\":\"#283a5e\",\"link_hover_color\":\"#ff8156\",\"link_color\":\"#ff8156\",\"bg_color\":\"#FFFFFF\",\"text_color\":\"#565656\",\"preset\":\"preset1\"}","custom_style":"1","text_color":"#565656","bg_color":"#ffffff","link_color":"#ff8156","link_hover_color":"#ff8156","second_link_color":"#ed1c25","topbar_bg_color":"#eff2f5","topbar_text_color":"#192f59","header_top_bg_color":"#ffffff","header_bg_color":"#ffffff","logo_text_color":"#192f59","header_bottom_bg_color":"#ffffff","header_bg_mobile_color":"#ffffff","logo_text_mobile_color":"#020d26","toggle_mobile_color":"#020d26","menu_text_color":"#283a5e","menu_text_hover_color":"#ff6d34","menu_text_active_color":"#ff6d34","menu_dropdown_bg_color":"#ffffff","menu_dropdown_text_color":"#666a80","menu_dropdown_text_hover_color":"#ff8156","menu_dropdown_text_active_color":"#ff8156","bottom_bg_color":"#f9f9f9","bottom_title_color":"#242424","bottom_text_color":"#5d6576","bottom_link_color":"#5d6576","bottom_link_hover_color":"#ff5e14","footer_bg_color":"#010e2a","footer_text_color":"#cfd3e5","footer_link_color":"#cfd3e5","footer_link_hover_color":"#ffffff","predefined_header":"1","header_style":"style-3","header_top_padding_top":"20px 0","header_bottom_padding_top":"20px","header_stacked_margin":"20px","header_offcanvas_mode":"slide","header_offcanvas_overlay":"enable","header_toggle_text":"show","header_offcanvas_flip":"enable","header_menu_horizontally":"enable","layout":"[{\"type\":\"row\",\"layout\":12,\"settings\":{\"hide_desktop\":0,\"hide_small_desktop\":0,\"hide_tablet\":0,\"hide_large_mobile\":1,\"hide_mobile\":1,\"hidden_xs\":0,\"hidden_sm\":0,\"hidden_md\":0,\"name\":\"\",\"fluidrow\":1,\"custom_class\":\"\",\"padding\":\"\",\"margin\":\"\",\"color\":\"\",\"link_color\":\"\",\"link_hover_color\":\"\",\"background_color\":\"\",\"background_image\":\"\",\"hide_on_phone\":0,\"hide_on_large_phone\":0,\"hide_on_tablet\":0,\"hide_on_small_desktop\":0,\"hide_on_desktop\":0},\"attr\":[{\"type\":\"sp_col\",\"settings\":{\"grid_size\":12,\"name\":\"title\",\"hidden_xs\":0,\"hidden_sm\":0,\"hidden_md\":0,\"sm_col\":\"\",\"xs_col\":\"\",\"custom_class\":\"\",\"column_type\":0}}]},{\"type\":\"row\",\"layout\":\"3+6+3\",\"settings\":{\"custom_class\":\"\",\"fluidrow\":0,\"margin\":\"\",\"padding\":\"\",\"hidden_md\":0,\"hidden_sm\":0,\"hidden_xs\":0,\"link_hover_color\":\"\",\"link_color\":\"\",\"color\":\"\",\"background_color\":\"\",\"name\":\"Main Body\"},\"attr\":[{\"type\":\"sp_col\",\"settings\":{\"column_type\":0,\"custom_class\":\"\",\"xs_col\":\"\",\"sm_col\":\"\",\"hidden_md\":0,\"hidden_sm\":0,\"hidden_xs\":0,\"name\":\"left\",\"grid_size\":3,\"sortableitem\":\"[object Object]\"}},{\"type\":\"sp_col\",\"settings\":{\"column_type\":1,\"grid_size\":6,\"custom_class\":\"\",\"xs_col\":\"\",\"sm_col\":\"\",\"hidden_md\":0,\"hidden_sm\":0,\"hidden_xs\":0,\"sortableitem\":\"[object Object]\"}},{\"type\":\"sp_col\",\"settings\":{\"custom_class\":\"\",\"xs_col\":\"\",\"sm_col\":\"\",\"hidden_md\":0,\"hidden_sm\":0,\"hidden_xs\":0,\"name\":\"right\",\"column_type\":0,\"grid_size\":3,\"sortableitem\":\"[object Object]\"}}]},{\"type\":\"row\",\"layout\":\"3+3+3+3\",\"settings\":{\"name\":\"Bottom\",\"fluidrow\":0,\"custom_class\":\"\",\"padding\":\"60px 0\",\"margin\":\"\",\"color\":\"\",\"link_color\":\"\",\"link_hover_color\":\"\",\"background_color\":\"\",\"background_image\":\"\",\"background_repeat\":\"no-repeat\",\"background_size\":\"cover\",\"background_attachment\":\"inherit\",\"background_position\":\"50% 50%\",\"hide_on_phone\":0,\"hide_on_large_phone\":0,\"hide_on_tablet\":0,\"hide_on_small_desktop\":0,\"hide_on_desktop\":0,\"hidden_md\":0,\"hidden_sm\":0,\"hidden_xs\":0},\"attr\":[{\"type\":\"sp_col\",\"settings\":{\"column_type\":0,\"name\":\"bottom1\",\"custom_class\":\"\",\"xl_col\":\"\",\"md_col\":\"\",\"sm_col\":\"\",\"xs_col\":\"\",\"hide_on_phone\":0,\"hide_on_large_phone\":0,\"hide_on_tablet\":0,\"hide_on_small_desktop\":0,\"hide_on_desktop\":0,\"grid_size\":3,\"hidden_md\":0,\"hidden_sm\":0,\"hidden_xs\":0,\"sortableitem\":\"[object Object]\"}},{\"type\":\"sp_col\",\"settings\":{\"column_type\":0,\"name\":\"bottom2\",\"custom_class\":\"\",\"xl_col\":\"\",\"md_col\":\"\",\"sm_col\":\"\",\"xs_col\":\"\",\"hide_on_phone\":0,\"hide_on_large_phone\":0,\"hide_on_tablet\":0,\"hide_on_small_desktop\":0,\"hide_on_desktop\":0,\"grid_size\":3,\"hidden_xs\":0,\"hidden_sm\":0,\"hidden_md\":0,\"sortableitem\":\"[object Object]\"}},{\"type\":\"sp_col\",\"settings\":{\"column_type\":0,\"name\":\"bottom3\",\"custom_class\":\"\",\"xl_col\":\"\",\"md_col\":\"\",\"sm_col\":\"\",\"xs_col\":\"\",\"hide_on_phone\":0,\"hide_on_large_phone\":0,\"hide_on_tablet\":0,\"hide_on_small_desktop\":0,\"hide_on_desktop\":0,\"grid_size\":3,\"sortableitem\":\"[object Object]\"}},{\"type\":\"sp_col\",\"settings\":{\"grid_size\":3,\"column_type\":0,\"name\":\"bottom4\",\"custom_class\":\"\",\"xl_col\":\"\",\"md_col\":\"\",\"sm_col\":\"\",\"xs_col\":\"\",\"hide_on_phone\":0,\"hide_on_large_phone\":0,\"hide_on_tablet\":0,\"hide_on_small_desktop\":0,\"hide_on_desktop\":0,\"sortableitem\":\"[object Object]\"}}]},{\"type\":\"row\",\"layout\":\"6+6\",\"settings\":{\"name\":\"Footer\",\"fluidrow\":0,\"custom_class\":\"\",\"padding\":\"\",\"margin\":\"\",\"color\":\"\",\"link_color\":\"\",\"link_hover_color\":\"\",\"background_color\":\"\",\"background_image\":\"\",\"background_repeat\":\"\",\"background_size\":\"\",\"background_attachment\":\"\",\"background_position\":\"\",\"hide_on_phone\":0,\"hide_on_large_phone\":0,\"hide_on_tablet\":0,\"hide_on_small_desktop\":0,\"hide_on_desktop\":0,\"hidden_xs\":0,\"hidden_sm\":0,\"hidden_md\":0},\"attr\":[{\"type\":\"sp_col\",\"settings\":{\"sortableitem\":\"[object Object]\",\"grid_size\":6,\"column_type\":0,\"name\":\"footer1\",\"hidden_xs\":0,\"hidden_sm\":0,\"hidden_md\":0,\"sm_col\":\"\",\"xs_col\":\"\",\"custom_class\":\"\"}},{\"type\":\"sp_col\",\"settings\":{\"grid_size\":6,\"hidden_xs\":0,\"hidden_sm\":0,\"hidden_md\":0,\"hide_on_desktop\":0,\"hide_on_small_desktop\":0,\"hide_on_tablet\":0,\"hide_on_large_phone\":0,\"hide_on_phone\":0,\"xs_col\":\"\",\"sm_col\":\"\",\"md_col\":\"\",\"xl_col\":\"\",\"custom_class\":\"uk-align-right@m\",\"name\":\"footer2\",\"column_type\":0}}]}]","menu":"mainmenu","dropdown_width":"","menu_animation":"menu-animation-none","enable_body_font":"1","body_font":"{\"fontFamily\":\"Roboto\",\"fontSize\":\"16\",\"fontSize_sm\":\"\",\"fontSize_xs\":\"\",\"fontWeight\":\"400\",\"fontStyle\":\"normal\",\"fontSubset\":\"latin-ext\"}","enable_h1_font":"1","h1_font":"{\"fontFamily\":\"Nunito\",\"fontSize\":\"\",\"fontSize_sm\":\"\",\"fontSize_xs\":\"\",\"fontWeight\":\"700\",\"fontStyle\":\"\",\"fontSubset\":\"latin-ext\"}","enable_h2_font":"1","h2_font":"{\"fontFamily\":\"Nunito\",\"fontSize\":\"\",\"fontSize_sm\":\"\",\"fontSize_xs\":\"\",\"fontWeight\":\"600\",\"fontStyle\":\"\",\"fontSubset\":\"latin-ext\"}","enable_h3_font":"1","h3_font":"{\"fontFamily\":\"Nunito\",\"fontSize\":\"\",\"fontSize_sm\":\"\",\"fontSize_xs\":\"\",\"fontWeight\":\"500\",\"fontStyle\":\"\",\"fontSubset\":\"latin-ext\"}","enable_h4_font":"1","h4_font":"{\"fontFamily\":\"Nunito\",\"fontSize\":\"\",\"fontSize_sm\":\"\",\"fontSize_xs\":\"\",\"fontWeight\":\"400\",\"fontStyle\":\"\",\"fontSubset\":\"latin-ext\"}","enable_h5_font":"1","h5_font":"{\"fontFamily\":\"Nunito\",\"fontSize\":\"\",\"fontSize_sm\":\"\",\"fontSize_xs\":\"\",\"fontWeight\":\"400\",\"fontStyle\":\"\",\"fontSubset\":\"latin-ext\"}","enable_h6_font":"1","h6_font":"{\"fontFamily\":\"Nunito\",\"fontSize\":\"\",\"fontSize_sm\":\"\",\"fontSize_xs\":\"\",\"fontWeight\":\"400\",\"fontStyle\":\"\",\"fontSubset\":\"latin-ext\"}","enable_navigation_font":"1","navigation_font":"{\"fontFamily\":\"Varela Round\",\"fontSize\":\"15\",\"fontSize_sm\":\"\",\"fontSize_xs\":\"\",\"fontWeight\":\"400\",\"fontStyle\":\"normal\",\"fontSubset\":\"vietnamese\"}","custom_font":"{\"fontFamily\":\"Muli\",\"fontSize\":\"16\",\"fontSize_sm\":\"\",\"fontSize_xs\":\"\",\"fontWeight\":\"600\",\"fontStyle\":\"\",\"fontSubset\":\"vietnamese\"}","custom_font_selectors":"","gfont_api":"","blog_list_grid_column_gap":"default","blog_list_grid_row_gap":"default","blog_list_breakpoint":"m","blog_parallax":"","leading_blog_list_title":"h3","blog_list_title_link":"heading","leading_blog_list_title_margin":"default","leading_blog_list_meta_margin":"default","leading_blog_list_content_margin":"default","image_small":"1","image_small_size":"100X100","image_thumbnail":"1","image_thumbnail_size":"600X340","image_medium":"1","image_medium_size":"300X300","image_large":"1","image_large_size":"600X600","image_crop_quality":"100","image_margin":"default","blog_list_image":"large","leading_blog_list_image":"large","leading_blog_list_button":"default","leading_blog_list_button_margin":"default","blog_details_image":"default","blog_details_image_margin":"default","blog_details_title_margin":"default","blog_details_meta_margin":"default","blog_details_content_margin":"default","social_share":"1","social_share_lists":["facebook","twitter","linkedin"],"og_fb_id":"","og_twitter_site":"","reading_time_progress":"1","reading_timeline_bg":"#ff8156","reading_timeline_height":"5px","reading_timeline_position":"top","related_article":"1","related_article_title":"Related Articles","related_article_limit":"3","related_article_view_type":"list","comment":"disabled","comment_disqus_subdomain":"","comment_disqus_devmode":"1","comment_intensedebate_acc":"","comment_facebook_app_id":"","comment_facebook_width":"100","comment_facebook_number":"10","comments_count":"1","before_head":"","before_body":"","custom_css":"","custom_js":"","cookie_position":"bottom-left","cookie_style":"warning","cookie_content":"By using this website, you agree to the use of cookies as described in our Privacy Policy.","cookie_button":"","cookie_button_text":"I accept","exclude_js":"","scssoption":"1"}