<?xml version="1.0" encoding="utf-8"?>
<extension version="3.0.0" type="plugin" group="system" method="upgrade">
	<name>PLG_SYSTEM_JMGHIGHLIGHTING</name>
	<author>Otto Szekeres</author>
	<authorEmail>info@joomega.com</authorEmail>
	<authorUrl>www.joomega.com</authorUrl>
    <creationDate>April 2018</creationDate>
    <copyright>Copyright (C) 2005 - 2018 Open Source Matters. All rights reserved.</copyright>
	<license>GNU General Public License version 2 or later; see LICENSE.txt</license>
	<version>3.0.0</version>
	<description>PLG_SYSTEM_JMGHIGHLIGHTING</description>

    <updateservers>
        <server type="extension" priority="1" name="plg_system_jmghighlighting">http://update.joomega.com/jmghighlighting/jmghighlighting.xml</server>
    </updateservers>

	<files>
		<filename plugin="jmghighlighting">jmghighlighting.php</filename>
		<folder>language</folder>
		<folder>fields</folder>
	</files>

	<languages folder="language">
		<language tag="en-GB">en-GB.plg_system_jmghighlighting.sys.ini</language>
		<language tag="de-DE">de-DE.plg_system_jmghighlighting.sys.ini</language>
	</languages>
	
	<config>
		<fields name="params">
			<fieldset name="basic">	
				<field name="jmgkeywords" 
					type="subform" 
					icon="list"
					formsource="plugins/system/jmghighlighting/fields/keywords.xml" 
					class="advancedSelect" 
					min="1" 
					max="10" 
					multiple="true" 
					layout="joomla.form.field.subform.repeatable-table" 
					groupByFieldset="false" 
					label="PLG_SYSTEM_JMGHIGHLIGHTING_KEYWORDS"
					description="PLG_SYSTEM_JMGHIGHLIGHTING_KEYWORDS" 
				/>	
			</fieldset>
		</fields>
	 </config>
</extension>
