<?xml version="1.0" encoding="UTF-8" ?>
<extension type="file" method="upgrade" version="2.5">
    <name>[pt-BR] Portuguese brazilian language pack for Phoca Download</name>
    <creationDate>April 2016</creationDate>
    <author>Bruno Simões</author>
    <authorUrl>brunosimoes.pt</authorUrl>
    <description>Portuguese brasilian language pack for Phoca Download</description>
    <fileset>
        <files folder="admin" target="administrator/language/pt-BR">
		<filename>pt-BR.com_phocadownload.ini</filename>
		<filename>pt-BR.com_phocadownload.sys.ini</filename>
		<filename>pt-BR.plg_content_phocadownload.ini</filename>
		<filename>pt-BR.plg_content_phocadownload.sys.ini</filename>
		<filename>pt-BR.plg_editors-xtd_phocadownload.ini</filename>
		<filename>pt-BR.plg_editors-xtd_phocadownload.sys.ini</filename>
		<filename>pt-BR.plg_finder_phocadownload.ini</filename>
		<filename>pt-BR.plg_finder_phocadownload.sys.ini</filename>
		<filename>pt-BR.plg_finder_phocadownload_categories.ini</filename>
		<filename>pt-BR.plg_finder_phocadownload_categories.sys.ini</filename>
		<filename>pt-BR.plg_search_phocadownload.ini</filename>
		<filename>pt-BR.plg_search_phocadownload.sys.ini</filename>
		</files>
        <files folder="frontend" target="language/pt-BR">
		<filename>pt-BR.com_phocadownload.ini</filename>
		<filename>pt-BR.com_phocadownload.sys.ini</filename>
		<filename>pt-BR.mod_phocadownload_chart_statistics.ini</filename>
		<filename>pt-BR.mod_phocadownload_chart_statistics.sys.ini</filename>
		<filename>pt-BR.mod_phocadownload_tree.ini</filename>
		<filename>pt-BR.mod_phocadownload_tree.sys.ini</filename></files>
    </fileset>
</extension>
