<?xml version="1.0" encoding="utf-8"?>
<extension type="module" version="3.8" client="site" method="upgrade">
	<name>Despertar</name>
	<author>Ribamar FS</author>
	<creationDate>Julho de 2018</creationDate>
	<license>http://www.gnu.org/copyleft/gpl.html GNU/GPL</license>
	<authorEmail>ribafs@gmail.com</authorEmail>
	<authorUrl>http://ribafs.org</authorUrl>
	<version>1.0</version>
	<description>Este módulo exibe uma recomendação aleatória de um arquivo texto. As recomendações tem como finalidade colaborar com o despertar da consciência.
		Foi adaptado do módulo vivi_code do Serra Antonio (tonio@vivigrosseto.it) - http://www.vivigrosseto.it/ 
	</description>
	<files>
		<filename module="mod_despertar">mod_despertar.php</filename>        
		<filename>mod_despertar.txt</filename>
		<filename>README.md</filename>
		<filename>LICENSE</filename>
	</files>
	<help key="JHELP_EXTENSIONS_MODULE_MANAGER_MODELO" />

	<config>
		<fields name="params">
			<fieldset name="basic">
				<field
					name="todos"
					type="checkbox"
                    value="1"
					label="Visualizar Todas"
					description="Ver todas as recomendações"
                    default="1"
				/>
                <field
                    name="download"
                    type="checkbox"
                    value="1"
                    default="1"
                    label="Visualizar link do Download"
                    description="Mostrar link para download deste módulo"
                />
                <field
                    name="artigo"
                    type="text"
                    value="5-dicas-para-deseprtar.html"
                    default="5-dicas-para-deseprtar.html"
                    label="Link do Artigo"
                    description="Link do Artigo com todas as referências"
                />
			</fieldset>
		</fields>
	</config>
</extension>
