<?xml version="1.0" encoding="utf-8"?>
<extension type="module" version="3.1" client="site" method="upgrade">
	<name>mod_modelo</name>
	<author>Ribamar FS</author>
	<creationDate>Outubro 2017</creationDate>
	<copyright>Copyright (C) 2017 Ribamar FS</copyright>
	<license>GNU General Public License version 2 or later</license>
	<authorEmail>ribafs@gmx.com</authorEmail>
	<authorUrl>http://ribafs.org</authorUrl>
	<version>1.0</version>
	<description>Simple Module Modelo adapted only a table with 4 columns/</description>
	<files>
		<filename module="mod_modelo">mod_modelo.php</filename>
		<filename>index.html</filename>
		<filename>leiame.txt</filename>
	</files>
	<help key="JHELP_EXTENSIONS_MODULE_MANAGER_MODELO" />

	<config>
		<fields name="params">
			<fieldset name="basic">
				<field
					name="titulo"
					type="text"
					label="Título"
					description="Título do Portfolio"
                    default="Meus Livros"
				/>
                <field
                    name="ids"
                    type="text"
                    default="1,2,3,4"
                    label="IDs"
                    description="IDs dos Artigos separados por vírgula"
                />
				<field name="categoria" type="list" default="Portfolio1" label="Portfolio1" description="Meus Portfolios">
					<option value="Portfolio1">Portfolio1</option>
					<option value="Portfolio2">Portfolio2</option>
					<option value="Portfolio3">Portfolio3</option>
					<option value="Portfolio4">Portfolio4</option>
					<option value="Portfolio5">Portfolio5</option>
				</field>

            </fieldset>
			<fieldset name="advanced">
				<field
					name="layout"
					type="modulelayout"
					label="JFIELD_ALT_LAYOUT_LABEL"
					description="JFIELD_ALT_MODULE_LAYOUT_DESC"
				/>

				<field
					name="moduleclass_sfx"
					type="textarea"
					label="COM_MODULES_FIELD_MODULECLASS_SFX_LABEL"
					description="COM_MODULES_FIELD_MODULECLASS_SFX_DESC"
					rows="3"
				/>

				<field
					name="cache"
					type="list"
					label="COM_MODULES_FIELD_CACHING_LABEL"
					description="COM_MODULES_FIELD_CACHING_DESC"
					default="1"
					>
					<option value="1">JGLOBAL_USE_GLOBAL</option>
					<option value="0">COM_MODULES_FIELD_VALUE_NOCACHING</option>
				</field>

				<field
					name="cache_time"
					type="text"
					label="COM_MODULES_FIELD_CACHE_TIME_LABEL"
					description="COM_MODULES_FIELD_CACHE_TIME_DESC"
					default="900"
				/>

				<field
					name="cachemode"
					type="hidden"
					default="itemid"
					>
					<option value="itemid"></option>
				</field>
			</fieldset>
		</fields>
	</config>
</extension>
