<?xml version="1.0" encoding="UTF-8"?>
<updates>
	<update>
		<name>JME</name>
		<description>Joomla Markdown Editor</description>
		<element>pkg_jme</element>
		<type>package</type>
		<client_id>0</client_id>
		<version>1.0.0</version>
		<infourl title="Joomla markdown editor">https://github.com/themexpert/joomla-markdown-editor</infourl>
		<downloads>
			<downloadurl type="full" format="zip">
				<![CDATA[https://github.com/themexpert/joomla-markdown-editor/archive/v1.0.0.zip]]>
			</downloadurl>
		</downloads>
		<tags>
			<tag>stable</tag>
		</tags>
		<maintainer>ThemeXpert</maintainer>
		<maintainerurl>https://www.themexpert.com/</maintainerurl>
		<section>Updates</section>
		<targetplatform name="joomla" version=""/>
		<folder/>
	</update>
</updates>