{
	"compression": "0",
	"panel_default": {
		"slideshow": {
			"panel": "uk-panel"
		},
		"top-a": {
			"panel": "uk-panel"
		},
		"top-b": {
			"panel": "uk-panel"
		},
		"top-c": {
			"panel": "uk-panel"
		},
		"top-d": {
			"panel": "uk-panel"
		},
		"bottom-a": {
			"panel": "uk-panel"
		},
		"bottom-b": {
			"panel": "uk-panel"
		},
		"bottom-c": {
			"panel": "uk-panel"
		},
		"bottom-d": {
			"panel": "uk-panel"
		},
		"main-top": {
			"panel": "uk-panel"
		},
		"main-bottom": {
			"panel": "uk-panel"
		},
		"sidebar-a": {
			"panel": "uk-panel"
		},
		"sidebar-b": {
			"panel": "uk-panel"
		}
	},
	"tracking_code": "",
	"layouts": {
		"default": {
			"style": "default",
			"sidebars": {
				"sidebar-a": {
					"width": "12",
					"alignment": "left"
				},
				"sidebar-b": {
					"width": "12",
					"alignment": "left"
				}
			},
			"grid": {
				"slideshow": {
					"layout": "parallel",
					"responsive": "medium"
				},
				"top-a": {
					"layout": "parallel",
					"responsive": "medium"
				},
				"top-b": {
					"layout": "parallel",
					"responsive": "medium"
				},
				"top-c": {
					"layout": "parallel",
					"responsive": "medium"
				},
				"top-d": {
					"layout": "parallel",
					"responsive": "medium"
				},
				"bottom-a": {
					"layout": "parallel",
					"responsive": "medium"
				},
				"bottom-b": {
					"layout": "parallel",
					"responsive": "medium"
				},
				"bottom-c": {
					"layout": "parallel",
					"responsive": "medium"
				},
				"bottom-d": {
					"layout": "parallel",
					"responsive": "medium"
				},
				"main-top": {
					"layout": "parallel",
					"responsive": "medium"
				},
				"main-bottom": {
					"layout": "parallel",
					"responsive": "medium"
				}
			}
		}
	}
}