<?xml version="1.0" encoding="utf-8"?>
<extension version="3.8" type="plugin" group="system" method="upgrade">
    <name>Helix Ultimate based template installer</name>
    <description>Blank - This theme Created for all business such as Corporate, Business, Creative. A perfect starting point for your projects. Document and support, visit WarpTheme.com</description>
    <scriptfile>installer.script.php</scriptfile>
    <files>
		<filename plugin="tmp_helixult">installer.script.php</filename>
    </files>
    <plugins>
        <plugin plugin="helixultimate" group="system" />
    </plugins>
    <template name="wt_blank_free"/>
</extension>
