<?xml version="1.0" encoding="utf-8"?>
<extension type="module" version="2.5" client="site" method="upgrade">
	<name>Rotas no Mapas do Google</name>
	<author>Ribamar FS</author>
	<creationDate>Novembro de 2018</creationDate>
	<copyright>(C) 2018 Open Source Matters. All rights reserved.</copyright>
	<license>http://www.gnu.org/copyleft/gpl.html GNU/GPL</license>
	<authorEmail>ribafs@gmail.com</authorEmail>
	<authorUrl>http://ribafs.org</authorUrl>
	<version>2.0</version>
	<description>Este módulo exibe o mapa do Google e traça a rota no mapa entre dois endereços.</description>
	<files>
		<filename module="mod_googleroutes">mod_googleroutes.php</filename>
		<filename>index.html</filename>
	</files>
</extension>
